{
  "limites": {
    "global": {
      "diario": 1000,
      "semanal": 5000
    },
    "por_uf": {
      "AM": 200,
      "PA": 300,
      "MT": 250,
      "RO": 180,
      "TO": 150,
      "MA": 120,
      "default": 100
    },
    "por_bioma": {
      "Amazonia": 500,
      "Cerrado": 300,
      "Pantanal": 200,
      "Caatinga": 150,
      "Mata Atlantica": 100,
      "Pampa": 50,
      "default": 100
    }
  },
  "notificacao": {
    "email": {
      "ativo": true,
      "destinatarios": ["alerta@exemplo.com", "monitoramento@exemplo.com"],
      "assunto": "Alerta de Queimadas - Sistema de Monitoramento"
    },
    "arquivo": {
      "ativo": true,
      "caminho": "output/logs/alertas.log"
    }
  }
}
